peptide_ID,peptide
3pwl,LGYGFVNYI
5nmk,SLFNTIAVL
3h9h,MLWGYLQYV
1eey,ILSALVGIV
2bnq,SLLMWITQV
4k7f,VCWGELMNL
5mer,ILAKFLHEL
3qdj,AAGIGILTV
1s9y,SLLMWITQS
6nca,YVLDHLIVV
3ixa,LLFGYPVYV
1qsf,LLFGYPVAV
2f54,SLLMWITQC
4e5x,LLFGYPVYV
3gso,NLVPMVATV
6ss7,LLWAGPMAV
2vlk,GILGFVFTL
5nmf,SLYNTIATL
1hhi,GILGFVFTL
3myj,YMFPNAPYL
6eqb,AAGIGILTV
6eqa,AAGIGILTV
1i7u,ALWGFVPVL
2git,LLFGKPVYV
4eup,ALGIGILTV
3hpj,RMFPNAPYL
1hhj,ILKEPVHGV
5e00,GVWIRTPPA
1s9w,SLLMWITQC
1duz,LLFGYPVYV
3qfd,AAGIGILTV
6vma,ITDQVPFSV
1tvb,ITDQVPFSV
3gsv,NLVPQVATV
6vrn,HMTEVVRHC
6opd,ILNAMIVKI
6uz1,LLFGYPVYV
4i4w,ILAKFLHRL
1t22,SLYNTVATL
2x4r,NLVPMVATV
1bd2,LLFGYPVYV
5n6b,LLWNGPMAV
3fqw,RVASPTSGV
3mre,GLCTLVAML
5tez,GILGFVFTL
3pwp,LGYGFVNYI
1qr1,IISAVVGIL
5hhq,GIWGFVFTL
5fa3,GLLPELPAV
5mep,ILGKFLHWL
1s9x,SLLMWITQA
1eez,ILSALVGIL
1hhk,LLFGYPVYV
5wsh,GVWIRTPTA
5eu3,YLEPGPVTA
1t21,SLYNTVATL
3ft4,VLRDDLLEA
1i1f,FLKEPVHGV
1im3,LLFGYPVYV
1t1w,SLFNTIAVL
2gtz,ALGIGILTV
6ewo,RTFSPTYGL
2x4o,KLTPLCVTL
5euo,GILGFVFTL
3v5k,KVAELVWFL
5d2n,NLVPMVATV
1i1y,YLKEPVHGV
5swq,CVNGSCFTV
2uwe,ALWGFFPVL
4l29,YLLMWITQV
1lp9,ALWGFFPVL
3mrg,CINGVCWTV
1t1y,SLYNVVATL
3pwn,LLYGFVNYI
7kgo,ILLNKHIDA
3qfj,LLFGFPVYV
3hae,SLLMWITQV
2v2w,SLYNTVATL
5jhd,GILGFVFTL
2gj6,LLFGKPVYV
2p5w,SLLMWITQC
4ftv,LLFGYPVYV
6ewc,RLSSPLHFV
2gtw,LAGIGILTV
2x4s,AMDSNTLEL
1qrn,LLFGYAVYV
6vm7,ITDQVPFSV
3v5d,KVAELVHFL
3pwj,LLYGFVNYV
6rpb,SLLMWITQV
2vll,GILGFVFTL
6vm9,IMDQVPFSV
7mj9,LLLPRLPPL
1s8d,SLANTVATL
6ssa,LLWNGPMQV
4nny,RQASLSISV
2av7,LLFGYPVYV
6o4y,KLVVGAVGV
6pte,ILNAMITKI
1i7t,ALWGVFPVL
2bnr,SLLMWITQC
2guo,AAGIGILTV
3mri,CINMWCWTV
4wuu,RMFPNAPYL
3o4l,GLCTLVAML
4mnq,ILAKFLHWL
2jcc,ALWGFFPVL
6ptb,ILNAMIAKI
3ft3,VLHDDLLEA
5eu5,YLEPAPVTA
6ss9,LLWNGPMHV
5f9j,YLSPIASPL
6vr1,HMTEVVRRC
3h7b,MLWGYLQYV
6vm8,IMDQVPFSV
1qse,LLFGYPRYV
3mrf,GLCPLVAML
6rsy,RMFPNAPYL
5meo,ILGKFLHRL
6r2l,SLSKILDTV
2f53,SLLMWITQC
5eu6,YLEPGPVTV
6q3s,SLLMWITQV
5hhp,GILEFVFTL
1t1x,SLYLTVATL
3mrl,CINGVVWTV
5hhn,GILGLVFTL
2vlj,GILGFVFTL
1oga,GILGFVFTL
5nme,SLYNTVATL
1ao7,LLFGYPVYV
6rp9,SLLMWITQV
3kla,SLLMWITQL
5nmg,SLFNTIAVL
3gjg,SLLMWITQV
3mrd,NLVPMGATV
6z9w,LLGWVFAQV
5eu4,YLAPGPVTA
1b0g,ALWGFFPVL
4l3c,YLLMWITQV
2c7u,SLFNTIAVL
3gsr,NLVPVVATV
3qeq,AAGIGILTV
1t1z,ALYNTAAAL
3gsq,NLVPSVATV
3mrk,PLFQVPEPV
2av1,LLFGYPVYV
2j8u,ALWGFFPVL
3fqt,GLLGSPVRA
6vr5,HMTEVVRHC
3mrb,NLVPMVHTV
1t20,SLYNTIATL
2pye,SLLMWITQC
7lg3,KLWAQCVQL
3mrj,CINGMCWTV
6z9v,IIGWMWIPV
6ss8,LLWNGPIAV
3mr9,NLVPAVATV
3gsn,NLVPMVATV
6ewa,ILKEPVHGV
1qew,FLWGPRALV
3d25,VLHDDLLEA
5isz,GILGFVFTL
3gsw,NLVPMVAAV
1i7r,FAPGFFPYL
5hho,GILEFVFTL
5hhm,GILGLVFTL
1jht,ALGIGILTV
3mrh,CISGVCWTV
5enw,GLKEGIPAL
5nmh,SLYNTIATL
6q3k,NLVPMVATV
3h9s,MLWGYLQYV
3gjf,SLLMWITQV
3v5h,KVAEIVHFL
6vmc,ILDQVPFSV
6w51,HMTEVVRHC
7lg2,ALWEIQQVV
3gsu,NLVPTVATV
3mrc,NLVPMCATV
1tvh,IMDQVPFSV
1hhg,TLTSCNTSV
3i6g,GLMWLSYFV
6rpa,SLLMWITQV
6o4z,KLVVVAVGV
1akj,ILKEPVHGV
3to2,LACFVLAAV
2p5e,SLLMWITQC
2vlr,GILGFVFTL
2x4u,ILKEPVHGV
1p7q,ILKEPVHGV
3rew,CLGGLLTMV
4no5,RQISQDVKL
5iro,LLFGYPVYV
5d2l,NLVPMVATV
2v2x,SLFNTVATL
